{"fire_1228": [141.8546, -12.5013], "fire_1229": [142.0604, -11.8062], "fire_1230": [142.1569, -11.8212], "fire_1231": [143.0169, -12.5068], "fire_1232": [141.8655, -12.503], "fire_1233": [141.8639, -12.5127], "fire_1234": [141.8748, -12.5144], "fire_1235": [133.8943, -12.673], "fire_1236": [133.9292, -12.6811], "fire_1237": [142.2636, -15.3848], "fire_1238": [142.2735, -15.3864], "fire_1239": [142.3114, -15.4018], "fire_1240": [142.2705, -15.4049], "fire_1241": [142.2971, -15.427999999999999], "fire_1242": [142.30700000000002, -15.4295], "fire_1243": [142.4148, -15.4461], "fire_1244": [142.2956, -15.4372], "fire_1245": [142.3055, -15.4387], "fire_1246": [142.3222, -15.4602], "fire_1247": [143.1963, -15.648], "fire_1248": [143.1949, -15.657], "fire_1249": [141.9275, -15.5453], "fire_1250": [142.6429, -13.5838], "fire_1251": [137.0686, -15.7962], "fire_1252": [136.644, -16.0773], "fire_1253": [136.6659, -16.0812], "fire_1254": [136.6414, -16.0906], "fire_1255": [136.6387, -16.0723], "fire_1256": [136.6606, -16.0764], "fire_1257": [136.6362, -16.0856], "fire_1258": [136.6581, -16.0897], "fire_1259": [136.9196, -16.2972], "fire_1260": [137.0536, -15.7948], "fire_1261": [139.4744, -20.736], "fire_1262": [139.4807, -20.7372], "fire_1263": [150.9804, -26.0794], "fire_1264": [148.3193, -27.3288], "fire_1265": [148.342, -27.331], "fire_1266": [148.3368, -27.3283], "fire_1267": [149.0826, -27.569000000000003], "fire_1268": [149.1082, -27.5714], "fire_1269": [149.1022, -27.5769], "fire_1270": [150.985, -26.0843], "fire_1271": [148.4954, -31.7404], "fire_1272": [148.5231, -31.7427], "fire_1273": [148.4881, -31.7448], "fire_1274": [148.5157, -31.7469], "fire_1275": [138.4254, -31.8614], "fire_1276": [146.6171, -32.0658], "fire_1277": [129.9951, -14.1741], "fire_1278": [129.9899, -14.175], "fire_1279": [130.5213, -11.4064], "fire_1280": [126.7337, -14.6283], "fire_1281": [129.9939, -15.1807], "fire_1282": [129.9861, -15.1798], "fire_1283": [129.8979, -15.2069], "fire_1284": [130.2436, -15.2413], "fire_1285": [129.8925, -15.2071], "fire_1286": [126.0086, -16.1449], "fire_1287": [125.9953, -16.1935], "fire_1288": [126.7394, -14.6362], "fire_1289": [119.4296, -20.811], "fire_1290": [119.4397, -20.8124], "fire_1291": [119.40799999999999, -20.8174], "fire_1292": [119.4181, -20.8188], "fire_1293": [119.4282, -20.8202], "fire_1294": [119.4195, -20.8096], "fire_1295": [120.1344, -21.2646], "fire_1296": [120.0955, -21.1968], "fire_1297": [116.3699, -31.6333], "fire_1298": [117.06299999999999, -34.3717], "fire_1299": [116.4137, -32.8158], "fire_1300": [116.6784, -32.6302], "fire_1301": [117.0695, -34.3689], "fire_1302": [150.6234, -33.596], "fire_1303": [150.6309, -33.5411], "fire_1304": [150.6373, -33.5456], "fire_1305": [150.8753, -34.4656], "fire_1306": [152.7913, -29.5818], "fire_1307": [149.5506, -29.0268], "fire_1308": [152.6789, -29.4932], "fire_1309": [152.692, -29.4916], "fire_1310": [151.5009, -31.8107], "fire_1311": [151.0787, -31.7173], "fire_1312": [148.9324, -31.8326], "fire_1313": [151.8092, -31.552], "fire_1314": [151.8077, -31.5411], "fire_1315": [148.9268, -31.8243], "fire_1316": [148.5087, -31.7496], "fire_1317": [148.4824, -31.7517], "fire_1318": [148.5024, -31.7564], "fire_1319": [148.501, -31.7427], "fire_1320": [150.3873, -31.2765], "fire_1321": [152.3947, -30.9432], "fire_1322": [150.1006, -30.6993], "fire_1323": [150.0929, -30.6947], "fire_1324": [152.055, -30.3865], "fire_1325": [152.8974, -29.9343], "fire_1326": [152.8844, -29.9359], "fire_1327": [152.5332, -29.8054], "fire_1328": [152.8041, -29.5803], "fire_1329": [151.0071, -24.9342], "fire_1330": [151.02, -24.9327], "fire_1331": [151.9618, -26.5866], "fire_1332": [148.3077, -27.3371], "fire_1333": [148.3301, -27.335], "fire_1334": [152.0765, -26.9279], "fire_1335": [148.3106, -27.3634], "fire_1336": [148.3333, -27.3612], "fire_1337": [148.3149, -27.3599], "fire_1338": [148.3164, -27.3731], "fire_1339": [149.0959, -27.5844], "fire_1340": [152.44799999999998, -27.349], "fire_1341": [152.4495, -27.3589], "fire_1342": [152.0332, -27.4501], "fire_1343": [152.6509, -27.4158], "fire_1344": [152.9779, -27.721], "fire_1345": [152.9897, -27.7195], "fire_1346": [149.1926, -24.877], "fire_1347": [131.8839, -25.3613], "fire_1348": [131.8943, -25.3597], "fire_1349": [119.2709, -21.8742], "fire_1350": [119.2662, -21.8697], "fire_1351": [130.6249, -14.1022], "fire_1352": [130.6732, -14.3516], "fire_1353": [130.702, -14.3169], "fire_1354": [130.6907, -14.3187], "fire_1355": [130.695, -14.3159], "fire_1356": [130.7351, -14.2794], "fire_1357": [130.7335, -14.2696], "fire_1358": [130.7269, -14.2301], "fire_1359": [130.7251, -14.2203], "fire_1360": [130.7293, -14.2092], "fire_1361": [130.7149, -14.1912], "fire_1362": [130.7131, -14.1814], "fire_1363": [130.7114, -14.1715], "fire_1364": [130.5995, -14.1889], "fire_1365": [130.6395, -14.1525], "fire_1366": [130.5961, -14.1369], "fire_1367": [129.9843, -14.2201], "fire_1368": [130.6483, -14.1087], "fire_1369": [130.6151, -14.1138], "fire_1370": [130.6359, -14.1005], "fire_1371": [130.6454, -14.089], "fire_1372": [130.6342, -14.0907], "fire_1373": [130.6234, -14.0924], "fire_1374": [130.0108, -14.1869], "fire_1375": [130.0004, -14.1885], "fire_1376": [129.9901, -14.19], "fire_1377": [129.9782, -14.1821], "fire_1378": [129.9678, -14.1837], "fire_1379": [129.987, -14.1711], "fire_1380": [129.9663, -14.1742], "fire_1381": [126.7499, -14.6425], "fire_1382": [129.9751, -14.1632], "fire_1383": [129.9647, -14.1648], "fire_1384": [129.9544, -14.1664], "fire_1385": [129.9735, -14.1537], "fire_1386": [129.9632, -14.1553], "fire_1387": [129.9529, -14.1569], "fire_1388": [126.9276, -14.5994], "fire_1389": [129.4624, -14.2261], "fire_1390": [129.9643, -14.1317], "fire_1391": [129.8095, -14.0624], "fire_1392": [129.8079, -14.0529], "fire_1393": [130.2553, -13.9751], "fire_1394": [129.7932, -14.0262], "fire_1395": [129.75799999999998, -13.886], "fire_1396": [133.8348, -13.2268], "fire_1397": [131.4436, -13.6162], "fire_1398": [129.7667, -13.875], "fire_1399": [129.7565, -13.8766], "fire_1400": [129.7463, -13.8781], "fire_1401": [133.8326, -13.2143], "fire_1402": [133.8134, -13.2175], "fire_1403": [129.7651, -13.8656], "fire_1404": [129.7549, -13.8672], "fire_1405": [133.8301, -13.2018], "fire_1406": [133.8112, -13.205], "fire_1407": [132.0931, -13.4903], "fire_1408": [130.2446, -13.7827], "fire_1409": [132.1053, -13.4771], "fire_1410": [130.2538, -13.7713], "fire_1411": [129.7621, -13.8468], "fire_1412": [129.7519, -13.8483], "fire_1413": [132.0717, -13.4489], "fire_1414": [132.08, -13.4461], "fire_1415": [132.0781, -13.4352], "fire_1416": [134.2495, -13.065999999999999], "fire_1417": [134.2289, -13.0695], "fire_1418": [130.5742, -13.6302], "fire_1419": [134.2376, -13.001], "fire_1420": [132.0528, -13.3719], "fire_1421": [132.0596, -13.3677], "fire_1422": [132.0437, -13.359000000000002], "fire_1423": [134.4758, -12.9071], "fire_1424": [129.9745, -13.6007], "fire_1425": [129.9684, -13.5983], "fire_1426": [131.9149, -13.2213], "fire_1427": [131.9266, -13.2083], "fire_1428": [131.91299999999998, -13.2105], "fire_1429": [131.9175, -13.1949], "fire_1430": [131.9038, -13.1971], "fire_1431": [131.9019, -13.1862], "fire_1432": [134.5231, -12.7427], "fire_1433": [133.8813, -12.8511], "fire_1434": [133.8792, -12.8384], "fire_1435": [134.3701, -12.6642], "fire_1436": [134.0357, -12.7077], "fire_1437": [133.906, -12.6772], "fire_1438": [133.9184, -12.6741], "fire_1439": [133.2103, -12.6876], "fire_1440": [130.2243, -13.0788], "fire_1441": [130.8099, -12.9683], "fire_1442": [130.7982, -12.9701], "fire_1443": [130.8083, -12.9582], "fire_1444": [130.7965, -12.96], "fire_1445": [130.7613, -12.9655], "fire_1446": [130.7479, -12.9573], "fire_1447": [130.1638, -13.0483], "fire_1448": [130.7463, -12.9472], "fire_1449": [131.2786, -12.6891], "fire_1450": [131.2659, -12.6911], "fire_1451": [131.2366, -12.5116], "fire_1452": [131.2348, -12.5011], "fire_1453": [131.2331, -12.4907],